node,ux,ux_expected,ux_error,uy,uy_expected,uy_error
1,0.0,0.0,0.0,0.0,-0.0,0.0
2,0.0005,0.0005,0.0,0.0,-0.0,0.0
3,0.001,0.001,0.0,0.0,-0.0,0.0
4,0.0,0.0,0.0,-0.00025,-0.00025,0.0
5,0.0005,0.0005,0.0,-0.00025,-0.00025,0.0
6,0.001,0.001,0.0,-0.00025,-0.00025,0.0
7,0.0,0.0,0.0,-0.0005,-0.0005,0.0
8,0.0005,0.0005,0.0,-0.0005,-0.0005,0.0
9,0.001,0.001,0.0,-0.0005,-0.0005,0.0
